ego_id,num_nodes,num_edges,num_circles,num_communities,modularity
107,1035,27783,9,6,0.5273809540975068
1684,787,14810,17,7,0.5568905711371724
1912,748,30772,46,4,0.5226294442823558
3437,535,5347,32,9,0.6195677718356529
0,334,2852,24,8,0.42166332427823094
348,225,3416,14,4,0.2880300257364435
686,169,1824,14,4,0.3149062391793629
414,151,1843,7,5,0.5085593183163759
698,62,331,13,5,0.4523416179114831
3980,53,198,17,4,0.3580501989592899
