model,train_accuracy,test_accuracy,train_precision,test_precision,train_recall,test_recall,train_f1,test_f1,train_auc,test_auc
Random Forest,0.98540625,0.978625,0.9803327354814769,0.9758886403181706,0.9906875,0.9815,0.9854829183375299,0.978686276953758,0.999489265625,0.9969110312500001
Gradient Boosting,0.98075,0.9735,0.9752842313395946,0.9754016064257028,0.9865,0.9715,0.980860054685558,0.9734468937875751,0.9972106582031252,0.99668140625
Logistic Regression,0.9703125,0.970625,0.9715503195889209,0.9776706419690434,0.969,0.96325,0.9702734839476813,0.9704067497796247,0.9948726406249999,0.995484375
