model,train_f1,test_f1,train_auc,test_auc,f1_gap,auc_gap
Random Forest,0.9854829183375299,0.978686276953758,0.999489265625,0.9969110312500001,0.006796641383771895,0.0025782343749998216
Gradient Boosting,0.980860054685558,0.9734468937875751,0.9972106582031252,0.99668140625,0.00741316089798294,0.0005292519531251427
Logistic Regression,0.9702734839476813,0.9704067497796247,0.9948726406249999,0.995484375,-0.00013326583194339658,-0.0006117343750000614
