cv_accuracy_mean,cv_precision_mean,cv_recall_mean,cv_f1_mean,cv_auc_mean,model
0.97828125,0.9733464070373387,0.9835,0.9783937457059266,0.9960448828125001,Gradient Boosting
0.9782187499999999,0.9729328795446792,0.9838125,0.9783407943489465,0.995870703125,Random Forest
0.969875,0.9712968692334188,0.968375,0.96982894808489,0.99478994140625,Logistic Regression
