ego_id,num_nodes,num_edges,num_circles,num_communities,modularity
0,334,2852,24,6,0.4252392823913339
107,1035,27783,9,6,0.527368962830647
