ego_id,num_nodes,num_edges,num_circles,num_communities,modularity
0,334,2852,24,9,0.422734826966239
107,1035,27783,9,6,0.5261273718247481
