model,accuracy,precision,recall,f1_score,roc_auc,best_val_f1
GraphSAGE Link Prediction Advanced,0.9746684801088066,0.9823773324118866,0.9666780006800408,0.9744644387317909,0.9960274687772211,0.9746929448728935
