node,pagerank
3437,0.0076145868447496
107,0.006936420955866117
1684,0.006367162138306824
0,0.006289602618466542
1912,0.003876971600884498
348,0.002348096972780577
686,0.002219359259800019
3980,0.0021703235790099928
414,0.001800299047070226
698,0.0013171153138368812
