node,betweenness_centrality
107,0.4805180785560152
1684,0.3377974497301992
3437,0.23611535735892905
1912,0.2292953395868782
1085,0.14901509211665306
0,0.14630592147442917
698,0.11533045020560802
567,0.09631033121856215
58,0.08436020590796486
428,0.06430906239323866
