node,closeness_centrality
107,0.45969945355191255
58,0.3974018305284913
428,0.3948371956585509
563,0.3939127889961955
1684,0.39360561458231796
171,0.37049270575282134
348,0.36991572004397216
483,0.3698479575013739
414,0.3695433330282786
376,0.36655773420479304
