node,degree_centrality
107,0.258791480931154
1684,0.1961367013372957
1912,0.18697374938088163
3437,0.13546310054482416
0,0.08593363051015354
2543,0.07280832095096582
2347,0.07206537890044576
1888,0.0629024269440317
1800,0.06067360079247152
1663,0.058197127290737984
